<?xml version="1.0" encoding="UTF-8"?>
<project-private xmlns="http://www.netbeans.org/ns/project-private/1">
    <editor-bookmarks xmlns="http://www.netbeans.org/ns/editor-bookmarks/2" lastBookmarkId="0"/>
    <open-files xmlns="http://www.netbeans.org/ns/projectui-open-files/2">
        <group>
            <file>file:/D:/Pessoal/Documents/PASTA%20DA%20FIP/10º%20Periodo/TCC%20II/EscolaComTDD/src/br/com/gemeos/escolacomtdd/util/CrudProfessor.java</file>
            <file>file:/D:/Pessoal/Documents/PASTA%20DA%20FIP/10º%20Periodo/TCC%20II/EscolaComTDD/test/TesteMain.java</file>
            <file>file:/D:/Pessoal/Documents/PASTA%20DA%20FIP/10º%20Periodo/TCC%20II/EscolaComTDD/src/br/com/gemeos/escolacomtdd/util/CrudAluno.java</file>
            <file>file:/D:/Pessoal/Documents/PASTA%20DA%20FIP/10º%20Periodo/TCC%20II/EscolaComTDD/src/br/com/gemeos/escolacomtdd/dao/AlunoDao.java</file>
            <file>file:/D:/Pessoal/Documents/PASTA%20DA%20FIP/10º%20Periodo/TCC%20II/EscolaComTDD/src/br/com/gemeos/escolacomtdd/dao/ProfessorDao.java</file>
            <file>file:/D:/Pessoal/Documents/PASTA%20DA%20FIP/10º%20Periodo/TCC%20II/EscolaComTDD/test/TesteTDD.java</file>
            <file>file:/D:/Pessoal/Documents/PASTA%20DA%20FIP/10º%20Periodo/TCC%20II/EscolaComTDD/src/br/com/gemeos/escolacomtdd/conection/PersistenceUtil.java</file>
        </group>
    </open-files>
</project-private>
