<?xml version="1.0" encoding="UTF-8"?>
<project-private xmlns="http://www.netbeans.org/ns/project-private/1">
    <editor-bookmarks xmlns="http://www.netbeans.org/ns/editor-bookmarks/2" lastBookmarkId="0"/>
    <open-files xmlns="http://www.netbeans.org/ns/projectui-open-files/2">
        <group>
            <file>file:/D:/Pessoal/Documents/PASTA%20DA%20FIP/10º%20Periodo/TCC%20II/HelloWorldSwing/src/helloworldswing/Data.java</file>
            <file>file:/D:/Pessoal/Documents/PASTA%20DA%20FIP/10º%20Periodo/TCC%20II/HelloWorldSwing/src/helloworldswing/BalanssoTrimestral.java</file>
            <file>file:/D:/Pessoal/Documents/PASTA%20DA%20FIP/10º%20Periodo/TCC%20II/HelloWorldSwing/src/helloworldswing/ExecicioOO.java</file>
        </group>
    </open-files>
</project-private>
